,Methods,Protein length,Domain length
0,PVQD,70,69
1,PVQD,70,69
2,PVQD,100,99
3,PVQD,70,69
4,PVQD,100,99
5,PVQD,200,63
6,PVQD,100,99
7,PVQD,400,38
8,PVQD,400,399
9,PVQD,70,69
10,PVQD,70,36
11,PVQD,400,399
12,PVQD,100,99
13,PVQD,100,99
14,PVQD,400,192
15,PVQD,100,99
16,PVQD,70,69
17,PVQD,100,99
18,PVQD,70,48
19,PVQD,200,76
20,PVQD,200,199
21,PVQD,200,199
22,PVQD,200,199
23,PVQD,100,99
24,PVQD,100,99
25,PVQD,200,176
26,PVQD,70,69
27,PVQD,400,298
28,PVQD,200,133
29,PVQD,400,399
30,PVQD,100,99
31,PVQD,400,399
32,PVQD,100,53
33,PVQD,400,247
34,PVQD,100,99
35,PVQD,400,43
36,PVQD,70,69
37,PVQD,200,199
38,PVQD,200,98
39,PVQD,100,99
40,PVQD,100,99
41,PVQD,200,199
42,PVQD,400,399
43,PVQD,200,199
44,PVQD,100,99
45,PVQD,70,69
46,PVQD,70,21
47,PVQD,100,99
48,PVQD,200,91
49,PVQD,200,43
50,PVQD,70,69
51,PVQD,100,99
52,PVQD,100,99
53,PVQD,400,265
54,PVQD,100,99
55,PVQD,400,189
56,PVQD,400,399
57,PVQD,400,238
58,PVQD,200,56
59,PVQD,100,99
60,PVQD,200,50
61,PVQD,100,99
62,PVQD,70,69
63,PVQD,200,199
64,PVQD,200,147
65,PVQD,100,99
66,PVQD,70,69
67,PVQD,400,142
68,PVQD,200,97
69,PVQD,70,69
70,PVQD,400,136
71,PVQD,200,32
72,PVQD,100,99
73,PVQD,70,69
74,PVQD,70,69
75,PVQD,400,69
76,PVQD,100,99
77,PVQD,200,199
78,PVQD,100,99
79,PVQD,70,35
80,PVQD,70,69
81,PVQD,70,69
82,PVQD,70,69
83,PVQD,70,69
84,PVQD,400,222
85,PVQD,400,399
86,PVQD,200,199
87,PVQD,100,99
88,PVQD,400,138
89,PVQD,100,99
90,PVQD,100,99
91,PVQD,200,98
92,PVQD,70,69
93,PVQD,100,99
94,PVQD,100,99
95,PVQD,200,66
96,PVQD,100,99
97,PVQD,400,150
98,PVQD,100,99
99,PVQD,400,399
100,PVQD,70,69
101,PVQD,400,84
102,PVQD,100,99
103,PVQD,70,69
104,PVQD,400,281
105,PVQD,70,69
106,PVQD,400,219
107,PVQD,400,90
108,PVQD,70,45
109,PVQD,400,90
110,PVQD,200,199
111,PVQD,100,99
112,PVQD,70,69
113,PVQD,100,99
114,PVQD,100,99
115,PVQD,100,99
116,PVQD,100,99
117,PVQD,100,99
118,PVQD,70,69
119,PVQD,70,69
120,PVQD,100,99
121,PVQD,70,69
122,PVQD,400,399
123,PVQD,400,147
124,PVQD,70,69
125,PVQD,400,63
126,PVQD,200,199
127,PVQD,100,99
128,PVQD,100,99
129,PVQD,200,29
130,PVQD,400,156
131,PVQD,400,399
132,PVQD,200,29
133,PVQD,100,99
134,PVQD,400,33
135,PVQD,70,69
136,PVQD,70,69
137,PVQD,70,69
138,PVQD,400,246
139,PVQD,70,36
140,PVQD,70,69
141,PVQD,100,99
142,PVQD,200,199
143,PVQD,100,99
144,PVQD,200,199
145,PVQD,70,69
146,PVQD,200,99
147,PVQD,70,69
148,PVQD,100,99
149,PVQD,400,138
150,PVQD,70,69
151,PVQD,70,69
152,PVQD,100,99
153,PVQD,200,199
154,PVQD,200,82
155,PVQD,100,99
156,PVQD,400,246
157,PVQD,200,98
158,PVQD,400,178
159,PVQD,200,199
160,PVQD,100,99
161,PVQD,200,105
162,PVQD,70,69
163,PVQD,100,99
164,PVQD,400,67
165,PVQD,70,69
166,PVQD,100,99
167,PVQD,400,146
168,PVQD,200,199
169,PVQD,70,69
170,PVQD,200,199
171,PVQD,100,99
172,PVQD,100,99
173,PVQD,400,399
174,PVQD,70,69
175,PVQD,400,241
176,PVQD,70,69
177,PVQD,400,399
178,PVQD,200,199
179,PVQD,100,99
180,PVQD,70,69
181,PVQD,100,22
182,PVQD,100,99
183,PVQD,400,399
184,PVQD,200,199
185,PVQD,100,99
186,PVQD,70,69
187,PVQD,100,99
188,PVQD,200,62
189,PVQD,100,25
190,PVQD,200,199
191,PVQD,200,199
192,PVQD,100,10
193,PVQD,70,45
194,PVQD,400,205
195,PVQD,200,91
196,PVQD,400,146
197,PVQD,70,69
198,PVQD,400,147
199,PVQD,200,199
200,PVQD,100,28
201,PVQD,200,199
202,PVQD,400,47
203,PVQD,100,99
204,PVQD,400,22
205,PVQD,100,53
206,PVQD,70,69
207,PVQD,100,99
208,PVQD,200,199
209,PVQD,70,69
210,PVQD,70,69
211,PVQD,400,399
212,PVQD,400,246
213,PVQD,100,33
214,PVQD,400,180
215,PVQD,70,69
216,PVQD,100,99
217,PVQD,400,167
218,PVQD,400,213
219,PVQD,400,248
220,PVQD,400,43
221,PVQD,70,31
222,PVQD,200,115
223,PVQD,70,69
224,PVQD,70,69
225,PVQD,100,99
226,PVQD,200,199
227,PVQD,400,399
228,PVQD,200,199
229,PVQD,400,194
230,PVQD,70,32
231,PVQD,70,69
232,PVQD,100,99
233,PVQD,200,199
234,PVQD,400,399
235,PVQD,200,107
236,PVQD,70,49
237,PVQD,200,51
238,PVQD,200,199
239,PVQD,70,37
240,PVQD,200,85
241,PVQD,100,25
242,PVQD,400,33
243,PVQD,400,188
244,PVQD,100,75
245,PVQD,70,69
246,PVQD,70,69
247,PVQD,400,399
248,PVQD,400,399
249,PVQD,400,196
250,PVQD,70,46
251,PVQD,200,199
252,PVQD,100,99
253,PVQD,200,199
254,PVQD,200,199
255,PVQD,200,83
256,PVQD,400,315
257,PVQD,400,141
258,PVQD,400,106
259,PVQD,100,99
260,PVQD,100,99
261,PVQD,70,69
262,PVQD,400,248
263,PVQD,100,99
264,PVQD,200,199
265,PVQD,100,99
266,PVQD,200,199
267,PVQD,70,69
268,PVQD,400,110
269,PVQD,200,199
270,PVQD,70,47
271,PVQD,200,60
272,PVQD,400,227
273,PVQD,100,74
274,PVQD,70,69
275,PVQD,70,69
276,PVQD,70,33
277,PVQD,100,44
278,PVQD,100,99
279,PVQD,200,24
280,PVQD,100,99
281,PVQD,100,99
282,PVQD,200,199
283,PVQD,400,399
284,PVQD,100,99
285,PVQD,400,90
286,PVQD,70,35
287,PVQD,70,69
288,PVQD,70,69
289,PVQD,100,99
290,PVQD,100,74
291,PVQD,100,99
292,PVQD,70,69
293,PVQD,200,107
294,PVQD,70,69
295,PVQD,70,69
296,PVQD,70,69
297,PVQD,200,79
298,PVQD,200,24
299,PVQD,70,69
300,PVQD,200,74
301,PVQD,70,69
302,PVQD,100,99
303,PVQD,100,50
304,PVQD,200,21
305,PVQD,70,69
306,PVQD,200,97
307,PVQD,200,199
308,PVQD,70,69
309,PVQD,200,79
310,PVQD,200,199
311,PVQD,200,199
312,PVQD,100,44
313,PVQD,100,41
314,PVQD,200,199
315,PVQD,200,99
316,PVQD,200,39
317,PVQD,400,399
318,PVQD,200,81
319,PVQD,200,80
320,PVQD,400,399
321,PVQD,100,99
322,PVQD,100,99
323,PVQD,200,96
324,PVQD,100,99
325,PVQD,200,199
326,PVQD,400,184
327,PVQD,400,246
328,PVQD,70,69
329,PVQD,70,69
330,PVQD,100,99
331,PVQD,200,199
332,PVQD,400,147
333,PVQD,400,148
334,PVQD,400,248
335,PVQD,70,69
336,PVQD,200,100
337,PVQD,400,186
338,PVQD,100,99
339,PVQD,200,199
340,PVQD,400,243
341,PVQD,400,399
342,PVQD,70,69
343,PVQD,400,290
344,PVQD,200,121
345,PVQD,200,31
346,PVQD,400,115
347,PVQD,100,99
348,PVQD,200,199
349,PVQD,70,69
350,PVQD,400,264
351,PVQD,400,109
352,PVQD,400,259
353,PVQD,400,81
354,PVQD,70,69
355,PVQD,200,199
356,PVQD,400,152
357,PVQD,100,99
358,PVQD,400,127
359,PVQD,200,199
360,PVQD,100,99
361,PVQD,70,69
362,PVQD,200,199
363,PVQD,200,199
364,PVQD,70,69
365,PVQD,200,72
366,PVQD,70,69
367,PVQD,70,34
368,PVQD,200,199
369,PVQD,70,45
370,PVQD,70,69
371,PVQD,400,126
372,PVQD,70,69
373,PVQD,70,69
374,PVQD,400,136
375,PVQD,100,99
376,PVQD,200,199
377,PVQD,70,69
378,PVQD,200,22
379,PVQD,200,42
380,PVQD,100,99
381,PVQD,400,138
382,PVQD,400,77
383,PVQD,200,199
384,PVQD,100,99
385,PVQD,200,59
386,PVQD,400,399
387,PVQD,400,305
388,PVQD,400,220
389,PVQD,400,399
390,PVQD,70,69
391,PVQD,70,69
392,PVQD,70,69
393,PVQD,100,99
394,PVQD,400,86
395,PVQD,400,136
396,PVQD,200,199
397,PVQD,200,30
398,PVQD,70,69
399,PVQD,400,399
400,PVQD+SCUBA-D,100,99
401,PVQD+SCUBA-D,400,247
402,PVQD+SCUBA-D,100,99
403,PVQD+SCUBA-D,70,69
404,PVQD+SCUBA-D,100,99
405,PVQD+SCUBA-D,70,69
406,PVQD+SCUBA-D,70,69
407,PVQD+SCUBA-D,100,28
408,PVQD+SCUBA-D,400,82
409,PVQD+SCUBA-D,400,91
410,PVQD+SCUBA-D,70,69
411,PVQD+SCUBA-D,200,199
412,PVQD+SCUBA-D,70,69
413,PVQD+SCUBA-D,100,99
414,PVQD+SCUBA-D,70,69
415,PVQD+SCUBA-D,70,69
416,PVQD+SCUBA-D,200,199
417,PVQD+SCUBA-D,400,138
418,PVQD+SCUBA-D,200,199
419,PVQD+SCUBA-D,200,199
420,PVQD+SCUBA-D,100,99
421,PVQD+SCUBA-D,70,36
422,PVQD+SCUBA-D,100,99
423,PVQD+SCUBA-D,70,36
424,PVQD+SCUBA-D,400,176
425,PVQD+SCUBA-D,100,99
426,PVQD+SCUBA-D,200,175
427,PVQD+SCUBA-D,200,43
428,PVQD+SCUBA-D,200,97
429,PVQD+SCUBA-D,200,107
430,PVQD+SCUBA-D,400,116
431,PVQD+SCUBA-D,200,199
432,PVQD+SCUBA-D,70,69
433,PVQD+SCUBA-D,400,153
434,PVQD+SCUBA-D,70,69
435,PVQD+SCUBA-D,200,199
436,PVQD+SCUBA-D,100,99
437,PVQD+SCUBA-D,400,127
438,PVQD+SCUBA-D,400,71
439,PVQD+SCUBA-D,100,99
440,PVQD+SCUBA-D,400,121
441,PVQD+SCUBA-D,200,45
442,PVQD+SCUBA-D,100,99
443,PVQD+SCUBA-D,70,69
444,PVQD+SCUBA-D,400,173
445,PVQD+SCUBA-D,400,100
446,PVQD+SCUBA-D,400,109
447,PVQD+SCUBA-D,200,42
448,PVQD+SCUBA-D,70,69
449,PVQD+SCUBA-D,70,69
450,PVQD+SCUBA-D,400,144
451,PVQD+SCUBA-D,400,159
452,PVQD+SCUBA-D,400,79
453,PVQD+SCUBA-D,200,199
454,PVQD+SCUBA-D,400,68
455,PVQD+SCUBA-D,200,143
456,PVQD+SCUBA-D,200,199
457,PVQD+SCUBA-D,400,98
458,PVQD+SCUBA-D,200,74
459,PVQD+SCUBA-D,100,99
460,PVQD+SCUBA-D,200,199
461,PVQD+SCUBA-D,200,67
462,PVQD+SCUBA-D,400,121
463,PVQD+SCUBA-D,400,136
464,PVQD+SCUBA-D,100,99
465,PVQD+SCUBA-D,400,151
466,PVQD+SCUBA-D,100,99
467,PVQD+SCUBA-D,200,79
468,PVQD+SCUBA-D,70,69
469,PVQD+SCUBA-D,100,99
470,PVQD+SCUBA-D,70,69
471,PVQD+SCUBA-D,200,39
472,PVQD+SCUBA-D,70,69
473,PVQD+SCUBA-D,400,50
474,PVQD+SCUBA-D,100,99
475,PVQD+SCUBA-D,200,199
476,PVQD+SCUBA-D,70,69
477,PVQD+SCUBA-D,200,97
478,PVQD+SCUBA-D,100,55
479,PVQD+SCUBA-D,200,199
480,PVQD+SCUBA-D,70,69
481,PVQD+SCUBA-D,70,69
482,PVQD+SCUBA-D,200,199
483,PVQD+SCUBA-D,70,69
484,PVQD+SCUBA-D,400,153
485,PVQD+SCUBA-D,200,111
486,PVQD+SCUBA-D,400,139
487,PVQD+SCUBA-D,100,99
488,PVQD+SCUBA-D,200,199
489,PVQD+SCUBA-D,400,399
490,PVQD+SCUBA-D,200,199
491,PVQD+SCUBA-D,400,129
492,PVQD+SCUBA-D,70,69
493,PVQD+SCUBA-D,100,99
494,PVQD+SCUBA-D,70,36
495,PVQD+SCUBA-D,400,143
496,PVQD+SCUBA-D,70,69
497,PVQD+SCUBA-D,200,44
498,PVQD+SCUBA-D,400,129
499,PVQD+SCUBA-D,200,99
500,PVQD+SCUBA-D,70,69
501,PVQD+SCUBA-D,400,175
502,PVQD+SCUBA-D,400,179
503,PVQD+SCUBA-D,400,86
504,PVQD+SCUBA-D,70,69
505,PVQD+SCUBA-D,70,69
506,PVQD+SCUBA-D,400,160
507,PVQD+SCUBA-D,200,32
508,PVQD+SCUBA-D,400,28
509,PVQD+SCUBA-D,400,77
510,PVQD+SCUBA-D,70,69
511,PVQD+SCUBA-D,200,199
512,PVQD+SCUBA-D,100,99
513,PVQD+SCUBA-D,200,199
514,PVQD+SCUBA-D,100,99
515,PVQD+SCUBA-D,400,126
516,PVQD+SCUBA-D,100,99
517,PVQD+SCUBA-D,70,69
518,PVQD+SCUBA-D,100,99
519,PVQD+SCUBA-D,100,99
520,PVQD+SCUBA-D,70,69
521,PVQD+SCUBA-D,70,36
522,PVQD+SCUBA-D,400,241
523,PVQD+SCUBA-D,400,95
524,PVQD+SCUBA-D,200,26
525,PVQD+SCUBA-D,400,62
526,PVQD+SCUBA-D,400,135
527,PVQD+SCUBA-D,400,153
528,PVQD+SCUBA-D,100,99
529,PVQD+SCUBA-D,400,152
530,PVQD+SCUBA-D,100,99
531,PVQD+SCUBA-D,100,25
532,PVQD+SCUBA-D,100,25
533,PVQD+SCUBA-D,400,37
534,PVQD+SCUBA-D,100,99
535,PVQD+SCUBA-D,200,199
536,PVQD+SCUBA-D,70,69
537,PVQD+SCUBA-D,100,99
538,PVQD+SCUBA-D,400,172
539,PVQD+SCUBA-D,100,99
540,PVQD+SCUBA-D,400,399
541,PVQD+SCUBA-D,70,69
542,PVQD+SCUBA-D,100,99
543,PVQD+SCUBA-D,100,99
544,PVQD+SCUBA-D,400,175
545,PVQD+SCUBA-D,70,69
546,PVQD+SCUBA-D,100,99
547,PVQD+SCUBA-D,400,75
548,PVQD+SCUBA-D,70,69
549,PVQD+SCUBA-D,200,199
550,PVQD+SCUBA-D,400,231
551,PVQD+SCUBA-D,100,99
552,PVQD+SCUBA-D,200,97
553,PVQD+SCUBA-D,100,99
554,PVQD+SCUBA-D,70,69
555,PVQD+SCUBA-D,400,108
556,PVQD+SCUBA-D,200,138
557,PVQD+SCUBA-D,400,247
558,PVQD+SCUBA-D,200,199
559,PVQD+SCUBA-D,400,120
560,PVQD+SCUBA-D,400,144
561,PVQD+SCUBA-D,200,199
562,PVQD+SCUBA-D,400,177
563,PVQD+SCUBA-D,200,199
564,PVQD+SCUBA-D,200,199
565,PVQD+SCUBA-D,70,69
566,PVQD+SCUBA-D,200,199
567,PVQD+SCUBA-D,70,69
568,PVQD+SCUBA-D,100,99
569,PVQD+SCUBA-D,200,79
570,PVQD+SCUBA-D,400,138
571,PVQD+SCUBA-D,400,235
572,PVQD+SCUBA-D,70,69
573,PVQD+SCUBA-D,100,62
574,PVQD+SCUBA-D,400,163
575,PVQD+SCUBA-D,100,99
576,PVQD+SCUBA-D,100,99
577,PVQD+SCUBA-D,70,69
578,PVQD+SCUBA-D,200,199
579,PVQD+SCUBA-D,100,99
580,PVQD+SCUBA-D,400,112
581,PVQD+SCUBA-D,70,69
582,PVQD+SCUBA-D,70,69
583,PVQD+SCUBA-D,100,99
584,PVQD+SCUBA-D,400,399
585,PVQD+SCUBA-D,100,99
586,PVQD+SCUBA-D,200,199
587,PVQD+SCUBA-D,200,199
588,PVQD+SCUBA-D,70,69
589,PVQD+SCUBA-D,200,199
590,PVQD+SCUBA-D,70,69
591,PVQD+SCUBA-D,200,76
592,PVQD+SCUBA-D,200,199
593,PVQD+SCUBA-D,100,99
594,PVQD+SCUBA-D,400,237
595,PVQD+SCUBA-D,200,22
596,PVQD+SCUBA-D,200,199
597,PVQD+SCUBA-D,70,69
598,PVQD+SCUBA-D,100,99
599,PVQD+SCUBA-D,100,99
600,PVQD+SCUBA-D,400,142
601,PVQD+SCUBA-D,70,69
602,PVQD+SCUBA-D,200,107
603,PVQD+SCUBA-D,100,99
604,PVQD+SCUBA-D,200,199
605,PVQD+SCUBA-D,100,99
606,PVQD+SCUBA-D,70,69
607,PVQD+SCUBA-D,70,48
608,PVQD+SCUBA-D,200,199
609,PVQD+SCUBA-D,400,80
610,PVQD+SCUBA-D,100,99
611,PVQD+SCUBA-D,400,135
612,PVQD+SCUBA-D,400,399
613,PVQD+SCUBA-D,200,199
614,PVQD+SCUBA-D,200,24
615,PVQD+SCUBA-D,400,123
616,PVQD+SCUBA-D,100,99
617,PVQD+SCUBA-D,200,199
618,PVQD+SCUBA-D,70,45
619,PVQD+SCUBA-D,400,125
620,PVQD+SCUBA-D,200,199
621,PVQD+SCUBA-D,400,42
622,PVQD+SCUBA-D,400,65
623,PVQD+SCUBA-D,200,85
624,PVQD+SCUBA-D,70,69
625,PVQD+SCUBA-D,200,199
626,PVQD+SCUBA-D,100,99
627,PVQD+SCUBA-D,70,69
628,PVQD+SCUBA-D,100,99
629,PVQD+SCUBA-D,400,152
630,PVQD+SCUBA-D,100,99
631,PVQD+SCUBA-D,100,99
632,PVQD+SCUBA-D,70,69
633,PVQD+SCUBA-D,200,199
634,PVQD+SCUBA-D,100,99
635,PVQD+SCUBA-D,70,36
636,PVQD+SCUBA-D,200,22
637,PVQD+SCUBA-D,70,69
638,PVQD+SCUBA-D,70,44
639,PVQD+SCUBA-D,100,99
640,PVQD+SCUBA-D,200,199
641,PVQD+SCUBA-D,70,69
642,PVQD+SCUBA-D,70,69
643,PVQD+SCUBA-D,70,38
644,PVQD+SCUBA-D,70,69
645,PVQD+SCUBA-D,100,99
646,PVQD+SCUBA-D,100,99
647,PVQD+SCUBA-D,200,199
648,PVQD+SCUBA-D,400,25
649,PVQD+SCUBA-D,100,99
650,PVQD+SCUBA-D,200,93
651,PVQD+SCUBA-D,400,196
652,PVQD+SCUBA-D,70,69
653,PVQD+SCUBA-D,100,99
654,PVQD+SCUBA-D,100,99
655,PVQD+SCUBA-D,200,129
656,PVQD+SCUBA-D,400,399
657,PVQD+SCUBA-D,200,199
658,PVQD+SCUBA-D,200,87
659,PVQD+SCUBA-D,70,69
660,PVQD+SCUBA-D,70,69
661,PVQD+SCUBA-D,200,93
662,PVQD+SCUBA-D,100,99
663,PVQD+SCUBA-D,100,99
664,PVQD+SCUBA-D,200,199
665,PVQD+SCUBA-D,400,136
666,PVQD+SCUBA-D,70,69
667,PVQD+SCUBA-D,200,199
668,PVQD+SCUBA-D,400,223
669,PVQD+SCUBA-D,100,99
670,PVQD+SCUBA-D,70,45
671,PVQD+SCUBA-D,70,69
672,PVQD+SCUBA-D,100,99
673,PVQD+SCUBA-D,70,69
674,PVQD+SCUBA-D,100,99
675,PVQD+SCUBA-D,70,69
676,PVQD+SCUBA-D,400,146
677,PVQD+SCUBA-D,100,99
678,PVQD+SCUBA-D,70,69
679,PVQD+SCUBA-D,70,69
680,PVQD+SCUBA-D,200,199
681,PVQD+SCUBA-D,70,69
682,PVQD+SCUBA-D,200,199
683,PVQD+SCUBA-D,200,97
684,PVQD+SCUBA-D,200,101
685,PVQD+SCUBA-D,70,69
686,PVQD+SCUBA-D,70,69
687,PVQD+SCUBA-D,400,130
688,PVQD+SCUBA-D,400,216
689,PVQD+SCUBA-D,200,60
690,PVQD+SCUBA-D,400,217
691,PVQD+SCUBA-D,70,45
692,PVQD+SCUBA-D,70,69
693,PVQD+SCUBA-D,200,199
694,PVQD+SCUBA-D,70,69
695,PVQD+SCUBA-D,200,199
696,PVQD+SCUBA-D,100,99
697,PVQD+SCUBA-D,100,48
698,PVQD+SCUBA-D,70,69
699,PVQD+SCUBA-D,200,58
700,PVQD+SCUBA-D,70,69
701,PVQD+SCUBA-D,200,38
702,PVQD+SCUBA-D,100,99
703,PVQD+SCUBA-D,400,399
704,PVQD+SCUBA-D,400,252
705,PVQD+SCUBA-D,70,69
706,PVQD+SCUBA-D,400,105
707,PVQD+SCUBA-D,100,43
708,PVQD+SCUBA-D,200,97
709,PVQD+SCUBA-D,100,75
710,PVQD+SCUBA-D,200,199
711,PVQD+SCUBA-D,200,199
712,PVQD+SCUBA-D,100,33
713,PVQD+SCUBA-D,70,69
714,PVQD+SCUBA-D,200,95
715,PVQD+SCUBA-D,400,263
716,PVQD+SCUBA-D,400,86
717,PVQD+SCUBA-D,400,104
718,PVQD+SCUBA-D,100,99
719,PVQD+SCUBA-D,200,199
720,PVQD+SCUBA-D,70,69
721,PVQD+SCUBA-D,70,69
722,PVQD+SCUBA-D,200,199
723,PVQD+SCUBA-D,400,246
724,PVQD+SCUBA-D,100,99
725,PVQD+SCUBA-D,70,69
726,PVQD+SCUBA-D,100,99
727,PVQD+SCUBA-D,100,99
728,PVQD+SCUBA-D,100,99
729,PVQD+SCUBA-D,400,247
730,PVQD+SCUBA-D,200,63
731,PVQD+SCUBA-D,200,115
732,PVQD+SCUBA-D,200,199
733,PVQD+SCUBA-D,400,254
734,PVQD+SCUBA-D,200,199
735,PVQD+SCUBA-D,100,99
736,PVQD+SCUBA-D,70,69
737,PVQD+SCUBA-D,400,175
738,PVQD+SCUBA-D,200,101
739,PVQD+SCUBA-D,100,99
740,PVQD+SCUBA-D,400,106
741,PVQD+SCUBA-D,70,69
742,PVQD+SCUBA-D,400,164
743,PVQD+SCUBA-D,400,179
744,PVQD+SCUBA-D,200,39
745,PVQD+SCUBA-D,100,99
746,PVQD+SCUBA-D,400,167
747,PVQD+SCUBA-D,70,69
748,PVQD+SCUBA-D,100,99
749,PVQD+SCUBA-D,100,99
750,PVQD+SCUBA-D,70,69
751,PVQD+SCUBA-D,70,69
752,PVQD+SCUBA-D,200,59
753,PVQD+SCUBA-D,70,69
754,PVQD+SCUBA-D,400,197
755,PVQD+SCUBA-D,400,82
756,PVQD+SCUBA-D,400,118
757,PVQD+SCUBA-D,200,158
758,PVQD+SCUBA-D,400,142
759,PVQD+SCUBA-D,100,99
760,PVQD+SCUBA-D,100,99
761,PVQD+SCUBA-D,70,38
762,PVQD+SCUBA-D,70,69
763,PVQD+SCUBA-D,70,69
764,PVQD+SCUBA-D,70,69
765,PVQD+SCUBA-D,100,42
766,PVQD+SCUBA-D,200,199
767,PVQD+SCUBA-D,100,99
768,PVQD+SCUBA-D,100,99
769,PVQD+SCUBA-D,400,147
770,PVQD+SCUBA-D,200,25
771,PVQD+SCUBA-D,100,99
772,PVQD+SCUBA-D,400,155
773,PVQD+SCUBA-D,70,69
774,PVQD+SCUBA-D,100,99
775,PVQD+SCUBA-D,200,199
776,PVQD+SCUBA-D,100,99
777,PVQD+SCUBA-D,70,69
778,PVQD+SCUBA-D,100,99
779,PVQD+SCUBA-D,100,99
780,PVQD+SCUBA-D,100,99
781,PVQD+SCUBA-D,100,99
782,PVQD+SCUBA-D,70,36
783,PVQD+SCUBA-D,200,72
784,PVQD+SCUBA-D,70,43
785,PVQD+SCUBA-D,70,38
786,PVQD+SCUBA-D,400,57
787,PVQD+SCUBA-D,200,199
788,PVQD+SCUBA-D,100,39
789,PVQD+SCUBA-D,100,99
790,PVQD+SCUBA-D,400,194
791,PVQD+SCUBA-D,70,69
792,PVQD+SCUBA-D,100,99
793,PVQD+SCUBA-D,100,99
794,PVQD+SCUBA-D,100,99
795,PVQD+SCUBA-D,400,182
796,PVQD+SCUBA-D,200,199
797,PVQD+SCUBA-D,400,51
798,PVQD+SCUBA-D,70,69
799,PVQD+SCUBA-D,70,69
800,SCUBA-D,70,69
801,SCUBA-D,70,69
802,SCUBA-D,400,399
803,SCUBA-D,200,199
804,SCUBA-D,100,99
805,SCUBA-D,70,69
806,SCUBA-D,70,69
807,SCUBA-D,200,199
808,SCUBA-D,200,199
809,SCUBA-D,400,399
810,SCUBA-D,70,69
811,SCUBA-D,400,399
812,SCUBA-D,400,109
813,SCUBA-D,200,199
814,SCUBA-D,70,69
815,SCUBA-D,200,199
816,SCUBA-D,200,199
817,SCUBA-D,70,69
818,SCUBA-D,70,69
819,SCUBA-D,100,99
820,SCUBA-D,200,199
821,SCUBA-D,70,69
822,SCUBA-D,100,99
823,SCUBA-D,100,99
824,SCUBA-D,100,99
825,SCUBA-D,400,399
826,SCUBA-D,400,181
827,SCUBA-D,70,69
828,SCUBA-D,70,69
829,SCUBA-D,200,199
830,SCUBA-D,200,199
831,SCUBA-D,400,141
832,SCUBA-D,400,118
833,SCUBA-D,200,199
834,SCUBA-D,200,199
835,SCUBA-D,100,99
836,SCUBA-D,400,399
837,SCUBA-D,400,399
838,SCUBA-D,70,69
839,SCUBA-D,200,199
840,SCUBA-D,100,99
841,SCUBA-D,400,399
842,SCUBA-D,400,399
843,SCUBA-D,70,69
844,SCUBA-D,70,69
845,SCUBA-D,70,69
846,SCUBA-D,70,69
847,SCUBA-D,400,129
848,SCUBA-D,200,199
849,SCUBA-D,100,99
850,SCUBA-D,100,99
851,SCUBA-D,200,199
852,SCUBA-D,200,199
853,SCUBA-D,70,69
854,SCUBA-D,70,69
855,SCUBA-D,100,99
856,SCUBA-D,100,99
857,SCUBA-D,100,99
858,SCUBA-D,100,99
859,SCUBA-D,400,399
860,SCUBA-D,100,99
861,SCUBA-D,200,199
862,SCUBA-D,100,99
863,SCUBA-D,200,199
864,SCUBA-D,200,199
865,SCUBA-D,100,99
866,SCUBA-D,100,99
867,SCUBA-D,200,199
868,SCUBA-D,200,199
869,SCUBA-D,100,99
870,SCUBA-D,70,69
871,SCUBA-D,400,399
872,SCUBA-D,200,199
873,SCUBA-D,200,199
874,SCUBA-D,100,99
875,SCUBA-D,400,399
876,SCUBA-D,400,174
877,SCUBA-D,70,69
878,SCUBA-D,200,199
879,SCUBA-D,70,69
880,SCUBA-D,70,69
881,SCUBA-D,100,99
882,SCUBA-D,200,199
883,SCUBA-D,70,69
884,SCUBA-D,100,99
885,SCUBA-D,70,69
886,SCUBA-D,70,69
887,SCUBA-D,100,99
888,SCUBA-D,70,69
889,SCUBA-D,400,27
890,SCUBA-D,70,69
891,SCUBA-D,70,69
892,SCUBA-D,100,78
893,SCUBA-D,400,399
894,SCUBA-D,100,99
895,SCUBA-D,400,399
896,SCUBA-D,70,69
897,SCUBA-D,70,69
898,SCUBA-D,200,199
899,SCUBA-D,400,335
900,SCUBA-D,100,99
901,SCUBA-D,400,399
902,SCUBA-D,100,99
903,SCUBA-D,400,140
904,SCUBA-D,400,399
905,SCUBA-D,200,199
906,SCUBA-D,200,199
907,SCUBA-D,400,399
908,SCUBA-D,200,199
909,SCUBA-D,400,399
910,SCUBA-D,400,399
911,SCUBA-D,100,99
912,SCUBA-D,400,399
913,SCUBA-D,200,199
914,SCUBA-D,70,69
915,SCUBA-D,70,69
916,SCUBA-D,100,99
917,SCUBA-D,70,69
918,SCUBA-D,200,199
919,SCUBA-D,100,99
920,SCUBA-D,400,263
921,SCUBA-D,70,69
922,SCUBA-D,70,69
923,SCUBA-D,400,399
924,SCUBA-D,100,99
925,SCUBA-D,200,199
926,SCUBA-D,70,69
927,SCUBA-D,70,69
928,SCUBA-D,400,399
929,SCUBA-D,70,69
930,SCUBA-D,100,99
931,SCUBA-D,70,69
932,SCUBA-D,100,99
933,SCUBA-D,70,69
934,SCUBA-D,70,69
935,SCUBA-D,100,99
936,SCUBA-D,400,379
937,SCUBA-D,400,125
938,SCUBA-D,70,69
939,SCUBA-D,70,69
940,SCUBA-D,100,99
941,SCUBA-D,100,99
942,SCUBA-D,400,266
943,SCUBA-D,400,105
944,SCUBA-D,100,99
945,SCUBA-D,100,99
946,SCUBA-D,400,158
947,SCUBA-D,100,99
948,SCUBA-D,70,69
949,SCUBA-D,100,99
950,SCUBA-D,100,99
951,SCUBA-D,200,199
952,SCUBA-D,400,218
953,SCUBA-D,400,399
954,SCUBA-D,200,199
955,SCUBA-D,200,199
956,SCUBA-D,100,99
957,SCUBA-D,200,199
958,SCUBA-D,200,199
959,SCUBA-D,400,399
960,SCUBA-D,200,199
961,SCUBA-D,400,178
962,SCUBA-D,400,285
963,SCUBA-D,200,199
964,SCUBA-D,70,69
965,SCUBA-D,200,199
966,SCUBA-D,400,399
967,SCUBA-D,70,69
968,SCUBA-D,70,69
969,SCUBA-D,200,199
970,SCUBA-D,70,69
971,SCUBA-D,70,69
972,SCUBA-D,100,99
973,SCUBA-D,100,99
974,SCUBA-D,100,99
975,SCUBA-D,200,199
976,SCUBA-D,100,99
977,SCUBA-D,400,399
978,SCUBA-D,200,199
979,SCUBA-D,400,83
980,SCUBA-D,200,199
981,SCUBA-D,200,199
982,SCUBA-D,200,199
983,SCUBA-D,70,69
984,SCUBA-D,200,199
985,SCUBA-D,70,69
986,SCUBA-D,400,103
987,SCUBA-D,70,69
988,SCUBA-D,70,69
989,SCUBA-D,200,199
990,SCUBA-D,400,399
991,SCUBA-D,400,399
992,SCUBA-D,70,69
993,SCUBA-D,400,399
994,SCUBA-D,100,99
995,SCUBA-D,100,99
996,SCUBA-D,100,99
997,SCUBA-D,100,99
998,SCUBA-D,100,99
999,SCUBA-D,400,399
1000,SCUBA-D,100,99
1001,SCUBA-D,100,99
1002,SCUBA-D,400,399
1003,SCUBA-D,100,99
1004,SCUBA-D,200,199
1005,SCUBA-D,400,399
1006,SCUBA-D,100,99
1007,SCUBA-D,100,99
1008,SCUBA-D,200,199
1009,SCUBA-D,70,69
1010,SCUBA-D,400,399
1011,SCUBA-D,70,69
1012,SCUBA-D,100,99
1013,SCUBA-D,200,199
1014,SCUBA-D,100,99
1015,SCUBA-D,100,99
1016,SCUBA-D,100,99
1017,SCUBA-D,200,199
1018,SCUBA-D,100,99
1019,SCUBA-D,200,199
1020,SCUBA-D,400,399
1021,SCUBA-D,400,232
1022,SCUBA-D,70,69
1023,SCUBA-D,200,199
1024,SCUBA-D,400,192
1025,SCUBA-D,200,199
1026,SCUBA-D,70,69
1027,SCUBA-D,200,199
1028,SCUBA-D,100,99
1029,SCUBA-D,70,69
1030,SCUBA-D,100,99
1031,SCUBA-D,70,69
1032,SCUBA-D,70,69
1033,SCUBA-D,100,99
1034,SCUBA-D,200,199
1035,SCUBA-D,400,130
1036,SCUBA-D,100,99
1037,SCUBA-D,70,69
1038,SCUBA-D,400,109
1039,SCUBA-D,200,199
1040,SCUBA-D,100,99
1041,SCUBA-D,400,137
1042,SCUBA-D,100,99
1043,SCUBA-D,70,69
1044,SCUBA-D,100,99
1045,SCUBA-D,100,99
1046,SCUBA-D,200,199
1047,SCUBA-D,70,69
1048,SCUBA-D,70,34
1049,SCUBA-D,200,199
1050,SCUBA-D,400,399
1051,SCUBA-D,70,69
1052,SCUBA-D,200,199
1053,SCUBA-D,400,399
1054,SCUBA-D,70,69
1055,SCUBA-D,100,99
1056,SCUBA-D,70,69
1057,SCUBA-D,400,210
1058,SCUBA-D,70,69
1059,SCUBA-D,200,199
1060,SCUBA-D,70,69
1061,SCUBA-D,200,199
1062,SCUBA-D,100,99
1063,SCUBA-D,100,99
1064,SCUBA-D,400,399
1065,SCUBA-D,70,69
1066,SCUBA-D,100,99
1067,SCUBA-D,400,399
1068,SCUBA-D,400,399
1069,SCUBA-D,400,399
1070,SCUBA-D,70,69
1071,SCUBA-D,200,199
1072,SCUBA-D,70,69
1073,SCUBA-D,100,99
1074,SCUBA-D,70,69
1075,SCUBA-D,200,199
1076,SCUBA-D,200,199
1077,SCUBA-D,200,199
1078,SCUBA-D,400,179
1079,SCUBA-D,400,399
1080,SCUBA-D,100,99
1081,SCUBA-D,400,399
1082,SCUBA-D,400,399
1083,SCUBA-D,70,69
1084,SCUBA-D,200,199
1085,SCUBA-D,100,99
1086,SCUBA-D,100,99
1087,SCUBA-D,200,199
1088,SCUBA-D,400,72
1089,SCUBA-D,200,199
1090,SCUBA-D,70,69
1091,SCUBA-D,70,69
1092,SCUBA-D,200,199
1093,SCUBA-D,400,225
1094,SCUBA-D,400,55
1095,SCUBA-D,400,399
1096,SCUBA-D,400,399
1097,SCUBA-D,200,199
1098,SCUBA-D,100,59
1099,SCUBA-D,200,199
1100,SCUBA-D,70,69
1101,SCUBA-D,70,69
1102,SCUBA-D,70,69
1103,SCUBA-D,200,199
1104,SCUBA-D,70,69
1105,SCUBA-D,70,69
1106,SCUBA-D,100,99
1107,SCUBA-D,200,199
1108,SCUBA-D,100,99
1109,SCUBA-D,200,199
1110,SCUBA-D,400,217
1111,SCUBA-D,400,399
1112,SCUBA-D,200,199
1113,SCUBA-D,200,199
1114,SCUBA-D,400,221
1115,SCUBA-D,200,199
1116,SCUBA-D,200,199
1117,SCUBA-D,200,199
1118,SCUBA-D,200,199
1119,SCUBA-D,400,399
1120,SCUBA-D,400,399
1121,SCUBA-D,400,399
1122,SCUBA-D,200,199
1123,SCUBA-D,70,69
1124,SCUBA-D,200,199
1125,SCUBA-D,70,69
1126,SCUBA-D,70,69
1127,SCUBA-D,100,78
1128,SCUBA-D,70,69
1129,SCUBA-D,400,399
1130,SCUBA-D,400,120
1131,SCUBA-D,100,99
1132,SCUBA-D,70,69
1133,SCUBA-D,200,199
1134,SCUBA-D,100,99
1135,SCUBA-D,200,199
1136,SCUBA-D,100,99
1137,SCUBA-D,70,69
1138,SCUBA-D,400,399
1139,SCUBA-D,200,199
1140,SCUBA-D,400,399
1141,SCUBA-D,400,194
1142,SCUBA-D,100,99
1143,SCUBA-D,200,199
1144,SCUBA-D,100,99
1145,SCUBA-D,100,99
1146,SCUBA-D,70,69
1147,SCUBA-D,200,199
1148,SCUBA-D,70,69
1149,SCUBA-D,100,99
1150,SCUBA-D,100,99
1151,SCUBA-D,200,199
1152,SCUBA-D,100,99
1153,SCUBA-D,100,99
1154,SCUBA-D,100,99
1155,SCUBA-D,200,199
1156,SCUBA-D,400,231
1157,SCUBA-D,200,199
1158,SCUBA-D,400,399
1159,SCUBA-D,70,69
1160,SCUBA-D,200,199
1161,SCUBA-D,400,399
1162,SCUBA-D,200,199
1163,SCUBA-D,100,99
1164,SCUBA-D,70,69
1165,SCUBA-D,100,99
1166,SCUBA-D,70,69
1167,SCUBA-D,70,69
1168,SCUBA-D,70,69
1169,SCUBA-D,400,205
1170,SCUBA-D,200,199
1171,SCUBA-D,70,69
1172,SCUBA-D,400,220
1173,SCUBA-D,200,199
1174,SCUBA-D,400,399
1175,SCUBA-D,400,399
1176,SCUBA-D,200,199
1177,SCUBA-D,100,99
1178,SCUBA-D,400,399
1179,SCUBA-D,100,99
1180,SCUBA-D,400,218
1181,SCUBA-D,100,99
1182,SCUBA-D,400,135
1183,SCUBA-D,400,190
1184,SCUBA-D,400,399
1185,SCUBA-D,200,199
1186,SCUBA-D,400,77
1187,SCUBA-D,100,99
1188,SCUBA-D,100,99
1189,SCUBA-D,70,69
1190,SCUBA-D,200,199
1191,SCUBA-D,200,199
1192,SCUBA-D,200,199
1193,SCUBA-D,70,69
1194,SCUBA-D,400,399
1195,SCUBA-D,100,99
1196,SCUBA-D,100,99
1197,SCUBA-D,400,399
1198,SCUBA-D,70,69
1199,SCUBA-D,70,69
1200,Chroma,400,248
1201,Chroma,400,201
1202,Chroma,100,99
1203,Chroma,70,69
1204,Chroma,100,99
1205,Chroma,400,136
1206,Chroma,200,199
1207,Chroma,200,199
1208,Chroma,100,99
1209,Chroma,200,199
1210,Chroma,100,99
1211,Chroma,200,199
1212,Chroma,70,69
1213,Chroma,70,69
1214,Chroma,70,69
1215,Chroma,200,149
1216,Chroma,100,99
1217,Chroma,400,76
1218,Chroma,400,325
1219,Chroma,400,84
1220,Chroma,400,114
1221,Chroma,200,199
1222,Chroma,400,399
1223,Chroma,200,199
1224,Chroma,70,69
1225,Chroma,70,69
1226,Chroma,200,199
1227,Chroma,400,273
1228,Chroma,200,67
1229,Chroma,400,149
1230,Chroma,70,69
1231,Chroma,70,69
1232,Chroma,400,314
1233,Chroma,70,69
1234,Chroma,70,69
1235,Chroma,100,99
1236,Chroma,70,69
1237,Chroma,100,99
1238,Chroma,400,126
1239,Chroma,200,199
1240,Chroma,400,47
1241,Chroma,70,69
1242,Chroma,100,99
1243,Chroma,100,99
1244,Chroma,200,199
1245,Chroma,200,99
1246,Chroma,200,199
1247,Chroma,70,69
1248,Chroma,100,99
1249,Chroma,100,99
1250,Chroma,100,99
1251,Chroma,70,69
1252,Chroma,100,99
1253,Chroma,70,69
1254,Chroma,400,278
1255,Chroma,400,169
1256,Chroma,70,69
1257,Chroma,400,203
1258,Chroma,200,199
1259,Chroma,200,199
1260,Chroma,100,99
1261,Chroma,200,199
1262,Chroma,400,399
1263,Chroma,200,199
1264,Chroma,100,99
1265,Chroma,100,99
1266,Chroma,400,249
1267,Chroma,70,69
1268,Chroma,70,69
1269,Chroma,200,199
1270,Chroma,100,99
1271,Chroma,100,99
1272,Chroma,400,147
1273,Chroma,100,99
1274,Chroma,100,99
1275,Chroma,200,199
1276,Chroma,70,69
1277,Chroma,200,87
1278,Chroma,200,199
1279,Chroma,100,99
1280,Chroma,200,199
1281,Chroma,100,99
1282,Chroma,100,99
1283,Chroma,100,99
1284,Chroma,70,69
1285,Chroma,100,99
1286,Chroma,400,142
1287,Chroma,400,399
1288,Chroma,100,99
1289,Chroma,400,399
1290,Chroma,400,192
1291,Chroma,70,69
1292,Chroma,70,69
1293,Chroma,100,99
1294,Chroma,200,97
1295,Chroma,100,99
1296,Chroma,200,199
1297,Chroma,100,99
1298,Chroma,400,286
1299,Chroma,70,69
1300,Chroma,400,106
1301,Chroma,200,199
1302,Chroma,200,49
1303,Chroma,100,99
1304,Chroma,200,137
1305,Chroma,400,399
1306,Chroma,100,99
1307,Chroma,100,31
1308,Chroma,400,158
1309,Chroma,400,125
1310,Chroma,100,68
1311,Chroma,200,199
1312,Chroma,200,199
1313,Chroma,400,107
1314,Chroma,70,69
1315,Chroma,200,97
1316,Chroma,70,69
1317,Chroma,70,69
1318,Chroma,200,84
1319,Chroma,70,69
1320,Chroma,100,99
1321,Chroma,400,110
1322,Chroma,70,69
1323,Chroma,70,69
1324,Chroma,200,199
1325,Chroma,400,179
1326,Chroma,100,99
1327,Chroma,70,69
1328,Chroma,100,99
1329,Chroma,100,99
1330,Chroma,100,99
1331,Chroma,200,199
1332,Chroma,100,99
1333,Chroma,70,69
1334,Chroma,70,69
1335,Chroma,200,80
1336,Chroma,70,69
1337,Chroma,70,69
1338,Chroma,200,199
1339,Chroma,70,69
1340,Chroma,100,99
1341,Chroma,100,20
1342,Chroma,400,34
1343,Chroma,100,99
1344,Chroma,70,69
1345,Chroma,70,69
1346,Chroma,100,99
1347,Chroma,400,52
1348,Chroma,200,199
1349,Chroma,70,69
1350,Chroma,100,99
1351,Chroma,200,199
1352,Chroma,200,39
1353,Chroma,400,99
1354,Chroma,400,20
1355,Chroma,100,99
1356,Chroma,400,268
1357,Chroma,400,266
1358,Chroma,100,99
1359,Chroma,70,69
1360,Chroma,100,74
1361,Chroma,70,69
1362,Chroma,70,69
1363,Chroma,200,199
1364,Chroma,100,99
1365,Chroma,70,69
1366,Chroma,70,69
1367,Chroma,400,186
1368,Chroma,70,69
1369,Chroma,100,99
1370,Chroma,70,69
1371,Chroma,400,161
1372,Chroma,70,69
1373,Chroma,70,69
1374,Chroma,400,188
1375,Chroma,400,379
1376,Chroma,200,199
1377,Chroma,400,399
1378,Chroma,100,99
1379,Chroma,400,70
1380,Chroma,400,268
1381,Chroma,70,69
1382,Chroma,400,84
1383,Chroma,100,99
1384,Chroma,400,399
1385,Chroma,400,57
1386,Chroma,100,99
1387,Chroma,70,48
1388,Chroma,70,69
1389,Chroma,400,83
1390,Chroma,100,99
1391,Chroma,70,69
1392,Chroma,400,127
1393,Chroma,400,74
1394,Chroma,400,125
1395,Chroma,400,118
1396,Chroma,100,99
1397,Chroma,200,134
1398,Chroma,70,69
1399,Chroma,400,168
1400,Chroma,200,163
1401,Chroma,200,94
1402,Chroma,400,113
1403,Chroma,200,47
1404,Chroma,70,69
1405,Chroma,100,99
1406,Chroma,70,69
1407,Chroma,400,267
1408,Chroma,70,69
1409,Chroma,70,69
1410,Chroma,200,199
1411,Chroma,400,272
1412,Chroma,400,399
1413,Chroma,100,99
1414,Chroma,100,99
1415,Chroma,400,399
1416,Chroma,200,70
1417,Chroma,100,99
1418,Chroma,70,69
1419,Chroma,400,101
1420,Chroma,100,79
1421,Chroma,200,199
1422,Chroma,200,199
1423,Chroma,200,199
1424,Chroma,400,108
1425,Chroma,200,199
1426,Chroma,200,199
1427,Chroma,400,146
1428,Chroma,200,199
1429,Chroma,200,162
1430,Chroma,200,199
1431,Chroma,200,199
1432,Chroma,70,69
1433,Chroma,200,199
1434,Chroma,200,199
1435,Chroma,70,69
1436,Chroma,200,199
1437,Chroma,70,69
1438,Chroma,200,28
1439,Chroma,100,99
1440,Chroma,70,69
1441,Chroma,400,232
1442,Chroma,70,69
1443,Chroma,70,69
1444,Chroma,400,103
1445,Chroma,70,69
1446,Chroma,200,199
1447,Chroma,200,131
1448,Chroma,400,399
1449,Chroma,200,199
1450,Chroma,400,84
1451,Chroma,70,69
1452,Chroma,70,69
1453,Chroma,100,99
1454,Chroma,200,199
1455,Chroma,400,232
1456,Chroma,100,99
1457,Chroma,100,99
1458,Chroma,200,43
1459,Chroma,70,69
1460,Chroma,400,42
1461,Chroma,100,99
1462,Chroma,200,102
1463,Chroma,200,199
1464,Chroma,100,99
1465,Chroma,400,251
1466,Chroma,100,99
1467,Chroma,70,69
1468,Chroma,100,99
1469,Chroma,100,99
1470,Chroma,400,237
1471,Chroma,100,99
1472,Chroma,400,188
1473,Chroma,70,36
1474,Chroma,70,69
1475,Chroma,100,40
1476,Chroma,400,299
1477,Chroma,100,28
1478,Chroma,100,99
1479,Chroma,400,399
1480,Chroma,200,199
1481,Chroma,100,99
1482,Chroma,70,69
1483,Chroma,400,262
1484,Chroma,200,38
1485,Chroma,400,122
1486,Chroma,200,199
1487,Chroma,400,399
1488,Chroma,100,99
1489,Chroma,200,82
1490,Chroma,70,69
1491,Chroma,400,157
1492,Chroma,400,268
1493,Chroma,70,69
1494,Chroma,400,152
1495,Chroma,400,272
1496,Chroma,100,99
1497,Chroma,70,69
1498,Chroma,200,199
1499,Chroma,400,51
1500,Chroma,400,212
1501,Chroma,200,199
1502,Chroma,70,69
1503,Chroma,200,199
1504,Chroma,100,99
1505,Chroma,400,399
1506,Chroma,400,163
1507,Chroma,400,145
1508,Chroma,100,99
1509,Chroma,200,199
1510,Chroma,200,199
1511,Chroma,100,99
1512,Chroma,100,99
1513,Chroma,400,142
1514,Chroma,200,199
1515,Chroma,400,399
1516,Chroma,70,69
1517,Chroma,100,99
1518,Chroma,70,69
1519,Chroma,70,69
1520,Chroma,70,69
1521,Chroma,70,69
1522,Chroma,100,99
1523,Chroma,400,103
1524,Chroma,200,107
1525,Chroma,70,69
1526,Chroma,200,199
1527,Chroma,200,62
1528,Chroma,200,199
1529,Chroma,400,399
1530,Chroma,200,106
1531,Chroma,100,41
1532,Chroma,400,195
1533,Chroma,200,199
1534,Chroma,100,99
1535,Chroma,70,69
1536,Chroma,70,69
1537,Chroma,200,199
1538,Chroma,400,220
1539,Chroma,100,99
1540,Chroma,200,199
1541,Chroma,200,123
1542,Chroma,400,399
1543,Chroma,100,99
1544,Chroma,100,99
1545,Chroma,70,20
1546,Chroma,100,99
1547,Chroma,100,99
1548,Chroma,100,63
1549,Chroma,200,199
1550,Chroma,70,69
1551,Chroma,70,69
1552,Chroma,400,129
1553,Chroma,100,99
1554,Chroma,70,69
1555,Chroma,100,99
1556,Chroma,100,99
1557,Chroma,200,199
1558,Chroma,70,69
1559,Chroma,70,69
1560,Chroma,70,69
1561,Chroma,200,199
1562,Chroma,400,168
1563,Chroma,70,69
1564,Chroma,70,69
1565,Chroma,400,99
1566,Chroma,400,399
1567,Chroma,200,199
1568,Chroma,100,99
1569,Chroma,70,69
1570,Chroma,100,99
1571,Chroma,400,292
1572,Chroma,200,83
1573,Chroma,70,69
1574,Chroma,200,72
1575,Chroma,200,125
1576,Chroma,70,69
1577,Chroma,100,99
1578,Chroma,70,69
1579,Chroma,70,69
1580,Chroma,100,99
1581,Chroma,100,65
1582,Chroma,200,199
1583,Chroma,200,199
1584,Chroma,200,104
1585,Chroma,200,199
1586,Chroma,200,110
1587,Chroma,400,399
1588,Chroma,100,99
1589,Chroma,70,69
1590,Chroma,400,22
1591,Chroma,100,99
1592,Chroma,400,133
1593,Chroma,70,69
1594,Chroma,70,69
1595,Chroma,200,199
1596,Chroma,200,199
1597,Chroma,200,199
1598,Chroma,400,66
1599,Chroma,100,99
1600,RFdiffusion,70,69
1601,RFdiffusion,100,100
1602,RFdiffusion,200,111
1603,RFdiffusion,200,117
1604,RFdiffusion,200,200
1605,RFdiffusion,100,99
1606,RFdiffusion,200,200
1607,RFdiffusion,200,200
1608,RFdiffusion,200,200
1609,RFdiffusion,200,200
1610,RFdiffusion,400,170
1611,RFdiffusion,200,199
1612,RFdiffusion,200,199
1613,RFdiffusion,70,69
1614,RFdiffusion,400,19
1615,RFdiffusion,100,99
1616,RFdiffusion,400,168
1617,RFdiffusion,70,26
1618,RFdiffusion,100,99
1619,RFdiffusion,70,69
1620,RFdiffusion,200,64
1621,RFdiffusion,400,171
1622,RFdiffusion,400,113
1623,RFdiffusion,200,199
1624,RFdiffusion,200,199
1625,RFdiffusion,200,200
1626,RFdiffusion,400,40
1627,RFdiffusion,200,200
1628,RFdiffusion,100,100
1629,RFdiffusion,200,200
1630,RFdiffusion,70,70
1631,RFdiffusion,200,199
1632,RFdiffusion,100,100
1633,RFdiffusion,100,100
1634,RFdiffusion,200,200
1635,RFdiffusion,70,69
1636,RFdiffusion,200,199
1637,RFdiffusion,70,70
1638,RFdiffusion,200,200
1639,RFdiffusion,200,126
1640,RFdiffusion,400,399
1641,RFdiffusion,70,70
1642,RFdiffusion,400,399
1643,RFdiffusion,100,100
1644,RFdiffusion,400,159
1645,RFdiffusion,70,69
1646,RFdiffusion,400,112
1647,RFdiffusion,100,100
1648,RFdiffusion,100,100
1649,RFdiffusion,70,70
1650,RFdiffusion,70,69
1651,RFdiffusion,70,69
1652,RFdiffusion,200,199
1653,RFdiffusion,100,99
1654,RFdiffusion,400,399
1655,RFdiffusion,200,200
1656,RFdiffusion,100,100
1657,RFdiffusion,200,199
1658,RFdiffusion,70,69
1659,RFdiffusion,200,199
1660,RFdiffusion,100,100
1661,RFdiffusion,200,200
1662,RFdiffusion,100,99
1663,RFdiffusion,400,173
1664,RFdiffusion,200,199
1665,RFdiffusion,200,199
1666,RFdiffusion,100,99
1667,RFdiffusion,100,100
1668,RFdiffusion,100,100
1669,RFdiffusion,100,100
1670,RFdiffusion,400,112
1671,RFdiffusion,70,70
1672,RFdiffusion,400,131
1673,RFdiffusion,200,199
1674,RFdiffusion,400,249
1675,RFdiffusion,70,70
1676,RFdiffusion,400,216
1677,RFdiffusion,200,199
1678,RFdiffusion,70,69
1679,RFdiffusion,400,399
1680,RFdiffusion,400,160
1681,RFdiffusion,100,100
1682,RFdiffusion,200,200
1683,RFdiffusion,200,200
1684,RFdiffusion,400,399
1685,RFdiffusion,400,191
1686,RFdiffusion,100,99
1687,RFdiffusion,200,200
1688,RFdiffusion,400,174
1689,RFdiffusion,100,99
1690,RFdiffusion,100,99
1691,RFdiffusion,400,193
1692,RFdiffusion,100,99
1693,RFdiffusion,70,70
1694,RFdiffusion,400,226
1695,RFdiffusion,400,181
1696,RFdiffusion,200,200
1697,RFdiffusion,70,70
1698,RFdiffusion,400,176
1699,RFdiffusion,200,93
1700,RFdiffusion,70,70
1701,RFdiffusion,400,399
1702,RFdiffusion,100,100
1703,RFdiffusion,200,97
1704,RFdiffusion,70,69
1705,RFdiffusion,200,199
1706,RFdiffusion,100,99
1707,RFdiffusion,400,399
1708,RFdiffusion,200,200
1709,RFdiffusion,200,199
1710,RFdiffusion,200,199
1711,RFdiffusion,70,70
1712,RFdiffusion,200,200
1713,RFdiffusion,400,86
1714,RFdiffusion,70,70
1715,RFdiffusion,100,100
1716,RFdiffusion,70,70
1717,RFdiffusion,100,100
1718,RFdiffusion,400,188
1719,RFdiffusion,200,199
1720,RFdiffusion,70,70
1721,RFdiffusion,400,245
1722,RFdiffusion,400,400
1723,RFdiffusion,200,200
1724,RFdiffusion,200,200
1725,RFdiffusion,200,199
1726,RFdiffusion,400,400
1727,RFdiffusion,400,399
1728,RFdiffusion,100,99
1729,RFdiffusion,400,138
1730,RFdiffusion,100,100
1731,RFdiffusion,200,200
1732,RFdiffusion,70,70
1733,RFdiffusion,70,69
1734,RFdiffusion,70,69
1735,RFdiffusion,70,69
1736,RFdiffusion,70,69
1737,RFdiffusion,70,70
1738,RFdiffusion,400,399
1739,RFdiffusion,70,69
1740,RFdiffusion,400,139
1741,RFdiffusion,100,99
1742,RFdiffusion,70,69
1743,RFdiffusion,100,99
1744,RFdiffusion,100,100
1745,RFdiffusion,400,400
1746,RFdiffusion,400,399
1747,RFdiffusion,100,99
1748,RFdiffusion,400,400
1749,RFdiffusion,400,135
1750,RFdiffusion,70,69
1751,RFdiffusion,400,20
1752,RFdiffusion,400,102
1753,RFdiffusion,100,100
1754,RFdiffusion,100,99
1755,RFdiffusion,70,70
1756,RFdiffusion,100,99
1757,RFdiffusion,400,29
1758,RFdiffusion,70,69
1759,RFdiffusion,70,69
1760,RFdiffusion,100,99
1761,RFdiffusion,400,400
1762,RFdiffusion,200,200
1763,RFdiffusion,70,70
1764,RFdiffusion,200,199
1765,RFdiffusion,200,199
1766,RFdiffusion,400,221
1767,RFdiffusion,400,242
1768,RFdiffusion,100,100
1769,RFdiffusion,70,69
1770,RFdiffusion,400,232
1771,RFdiffusion,200,199
1772,RFdiffusion,200,200
1773,RFdiffusion,100,99
1774,RFdiffusion,400,400
1775,RFdiffusion,70,70
1776,RFdiffusion,200,199
1777,RFdiffusion,200,200
1778,RFdiffusion,70,29
1779,RFdiffusion,400,399
1780,RFdiffusion,100,100
1781,RFdiffusion,200,200
1782,RFdiffusion,100,99
1783,RFdiffusion,70,69
1784,RFdiffusion,400,399
1785,RFdiffusion,70,69
1786,RFdiffusion,200,200
1787,RFdiffusion,100,100
1788,RFdiffusion,70,70
1789,RFdiffusion,100,100
1790,RFdiffusion,400,400
1791,RFdiffusion,100,100
1792,RFdiffusion,200,107
1793,RFdiffusion,70,69
1794,RFdiffusion,100,99
1795,RFdiffusion,70,69
1796,RFdiffusion,400,399
1797,RFdiffusion,100,100
1798,RFdiffusion,100,100
1799,RFdiffusion,70,69
1800,RFdiffusion,100,100
1801,RFdiffusion,100,100
1802,RFdiffusion,70,70
1803,RFdiffusion,200,199
1804,RFdiffusion,100,100
1805,RFdiffusion,100,100
1806,RFdiffusion,100,100
1807,RFdiffusion,70,70
1808,RFdiffusion,200,199
1809,RFdiffusion,70,70
1810,RFdiffusion,400,254
1811,RFdiffusion,70,70
1812,RFdiffusion,100,99
1813,RFdiffusion,100,100
1814,RFdiffusion,100,100
1815,RFdiffusion,70,69
1816,RFdiffusion,200,199
1817,RFdiffusion,70,69
1818,RFdiffusion,70,69
1819,RFdiffusion,70,70
1820,RFdiffusion,70,70
1821,RFdiffusion,70,69
1822,RFdiffusion,400,400
1823,RFdiffusion,200,199
1824,RFdiffusion,400,250
1825,RFdiffusion,70,70
1826,RFdiffusion,400,109
1827,RFdiffusion,200,199
1828,RFdiffusion,200,200
1829,RFdiffusion,400,399
1830,RFdiffusion,70,70
1831,RFdiffusion,400,193
1832,RFdiffusion,400,400
1833,RFdiffusion,400,399
1834,RFdiffusion,200,199
1835,RFdiffusion,400,148
1836,RFdiffusion,200,200
1837,RFdiffusion,70,70
1838,RFdiffusion,200,199
1839,RFdiffusion,70,69
1840,RFdiffusion,400,400
1841,RFdiffusion,70,49
1842,RFdiffusion,400,400
1843,RFdiffusion,200,199
1844,RFdiffusion,200,199
1845,RFdiffusion,200,200
1846,RFdiffusion,100,100
1847,RFdiffusion,200,200
1848,RFdiffusion,100,99
1849,RFdiffusion,200,199
1850,RFdiffusion,70,69
1851,RFdiffusion,70,69
1852,RFdiffusion,70,70
1853,RFdiffusion,100,100
1854,RFdiffusion,200,144
1855,RFdiffusion,70,70
1856,RFdiffusion,100,99
1857,RFdiffusion,400,172
1858,RFdiffusion,70,70
1859,RFdiffusion,100,99
1860,RFdiffusion,400,180
1861,RFdiffusion,70,70
1862,RFdiffusion,400,157
1863,RFdiffusion,400,174
1864,RFdiffusion,200,199
1865,RFdiffusion,70,70
1866,RFdiffusion,100,100
1867,RFdiffusion,400,400
1868,RFdiffusion,70,69
1869,RFdiffusion,100,100
1870,RFdiffusion,200,200
1871,RFdiffusion,400,400
1872,RFdiffusion,200,199
1873,RFdiffusion,100,100
1874,RFdiffusion,400,316
1875,RFdiffusion,70,70
1876,RFdiffusion,400,91
1877,RFdiffusion,200,199
1878,RFdiffusion,100,99
1879,RFdiffusion,100,100
1880,RFdiffusion,400,232
1881,RFdiffusion,100,100
1882,RFdiffusion,200,200
1883,RFdiffusion,70,70
1884,RFdiffusion,100,99
1885,RFdiffusion,200,199
1886,RFdiffusion,70,69
1887,RFdiffusion,100,99
1888,RFdiffusion,100,71
1889,RFdiffusion,400,332
1890,RFdiffusion,70,69
1891,RFdiffusion,100,66
1892,RFdiffusion,400,400
1893,RFdiffusion,70,70
1894,RFdiffusion,100,99
1895,RFdiffusion,70,48
1896,RFdiffusion,200,199
1897,RFdiffusion,400,144
1898,RFdiffusion,70,69
1899,RFdiffusion,70,70
1900,RFdiffusion,100,99
1901,RFdiffusion,100,100
1902,RFdiffusion,70,70
1903,RFdiffusion,400,269
1904,RFdiffusion,400,241
1905,RFdiffusion,400,399
1906,RFdiffusion,400,186
1907,RFdiffusion,400,400
1908,RFdiffusion,70,50
1909,RFdiffusion,100,99
1910,RFdiffusion,70,70
1911,RFdiffusion,400,203
1912,RFdiffusion,200,200
1913,RFdiffusion,100,100
1914,RFdiffusion,400,192
1915,RFdiffusion,70,69
1916,RFdiffusion,200,199
1917,RFdiffusion,100,99
1918,RFdiffusion,400,400
1919,RFdiffusion,200,200
1920,RFdiffusion,70,70
1921,RFdiffusion,400,400
1922,RFdiffusion,100,99
1923,RFdiffusion,70,69
1924,RFdiffusion,70,69
1925,RFdiffusion,70,70
1926,RFdiffusion,70,69
1927,RFdiffusion,200,199
1928,RFdiffusion,100,99
1929,RFdiffusion,100,100
1930,RFdiffusion,200,200
1931,RFdiffusion,400,399
1932,RFdiffusion,70,70
1933,RFdiffusion,200,200
1934,RFdiffusion,400,147
1935,RFdiffusion,400,399
1936,RFdiffusion,100,99
1937,RFdiffusion,70,69
1938,RFdiffusion,400,227
1939,RFdiffusion,400,185
1940,RFdiffusion,70,69
1941,RFdiffusion,100,100
1942,RFdiffusion,100,99
1943,RFdiffusion,100,99
1944,RFdiffusion,400,178
1945,RFdiffusion,200,65
1946,RFdiffusion,400,399
1947,RFdiffusion,70,70
1948,RFdiffusion,100,99
1949,RFdiffusion,70,69
1950,RFdiffusion,100,100
1951,RFdiffusion,100,99
1952,RFdiffusion,200,199
1953,RFdiffusion,70,70
1954,RFdiffusion,70,70
1955,RFdiffusion,100,100
1956,RFdiffusion,100,99
1957,RFdiffusion,200,200
1958,RFdiffusion,70,70
1959,RFdiffusion,100,100
1960,RFdiffusion,200,199
1961,RFdiffusion,200,199
1962,RFdiffusion,100,100
1963,RFdiffusion,200,199
1964,RFdiffusion,70,70
1965,RFdiffusion,100,99
1966,RFdiffusion,70,69
1967,RFdiffusion,100,100
1968,RFdiffusion,400,177
1969,RFdiffusion,200,171
1970,RFdiffusion,200,200
1971,RFdiffusion,400,399
1972,RFdiffusion,100,99
1973,RFdiffusion,200,200
1974,RFdiffusion,70,70
1975,RFdiffusion,200,200
1976,RFdiffusion,200,199
1977,RFdiffusion,100,99
1978,RFdiffusion,200,200
1979,RFdiffusion,400,127
1980,RFdiffusion,400,186
1981,RFdiffusion,400,308
1982,RFdiffusion,70,69
1983,RFdiffusion,400,399
1984,RFdiffusion,200,200
1985,RFdiffusion,100,99
1986,RFdiffusion,200,199
1987,RFdiffusion,100,100
1988,RFdiffusion,100,99
1989,RFdiffusion,70,69
1990,RFdiffusion,100,100
1991,RFdiffusion,400,400
1992,RFdiffusion,200,90
1993,RFdiffusion,70,70
1994,RFdiffusion,200,200
1995,RFdiffusion,100,99
1996,RFdiffusion,200,199
1997,RFdiffusion,400,234
1998,RFdiffusion,100,99
1999,RFdiffusion,400,400
